[
  {
    "id": "A1",
    "contentSource": "SOC2.2017.A.1.1",
    "category": "Login and Monitoring",
    "label": "Maintains, monitors, and evaluates current processing capacity",
    "description": "Description, monitors, and evaluates current processing capacity Maintains, monitors, and evaluates current processing capacityMaintains, monitors, and evaluates current processing capacityMaintains, monitors, and evaluates current processing capacityMaintains, monitors, and evaluates current processing capacity.",
    "custom": false,
    "mapped":[{
      "id": "B1",
      "contentSource": "SOC2.2017.A.1.2",
      "category": "Login and Monitoring",
      "label": "CC1.1.1 - ACME maintains defined structures, reporting lines with assigned",
      "description": "ACME maintains defined structures, reporting lines with assigned authority, and responsibilities for the effective design, development, implementation, operation, maintenance, and monitoring of the system.",
      "custom": true,
      "mapped":[{
        "id": "C1",
        "contentSource": "SOC2.2017.A.1.3",
        "category": "Login and Monitoring",
        "label": "CC1.1.2 - ACME maintains defined structures, reporting lines with assigned",
        "description": "ACME maintains defined structures, reporting lines with assigned authority, and responsibilities for the effective design, development, implementation, operation, maintenance, and monitoring of the system.",
        "custom": true,
        "mapped":[],
        "tags":[]
      },
        {
          "id": "D1",
          "contentSource": "SOC2.2017.A.1.4",
          "category": "Login and Monitoring",
          "label": "CC1.1.3 - ACME maintains defined structures, reporting lines with assigned",
          "description": "ACME maintains defined structures, reporting lines with assigned authority, and responsibilities for the effective design, development, implementation, operation, maintenance, and monitoring of the system.",
          "custom": true,
          "mapped":[],
          "tags":[]
        }]
    }],
    "tags": []
  },
  {
    "id": "B1",
    "contentSource": "SOC2.2017.A.1.2",
    "category": "Login and Monitoring",
    "label": "CC1.1.1 - ACME maintains defined structures, reporting lines with assigned",
    "description": "ACME maintains defined structures, reporting lines with assigned authority, and responsibilities for the effective design, development, implementation, operation, maintenance, and monitoring of the system.",
    "custom": true,
    "mapped":[],
    "tags": []
  }

]