[
    {
        "label": "21 CFR Part 11 Electronic Records; Electronic Signatures"
    },
    {
        "label": "29 CFR Part 1910 OSHA"
    },
    {
        "label": "29 CFR Part 1926 OSHA"
    },
    {
        "label": "AICPA TSPC SOC 2 100 2017"
    },
    {
        "label": "APEC Privacy Framework"
    },
    {
        "label": "AUP v2 Shared Assessments"
    },
    {
        "label": "Bank Secrecy Act/Anti-Money Laundering Examination Manual"
    },
    {
        "label": "Best Practice Guidelines for Residential PACE Financing Programs"
    },
    {
        "label": "Brazilian General Data Protection"
    },
    {
        "label": "CAIQ v3.0.1"
    },
    {
        "label": "CCPA California Consumer Privacy Act"
    },
    {
        "label": "China CyberSecurity"
    },
    {
        "label": "CIS AWS Foundations"
    },
    {
        "label": "CIS Controls v7.0"
    },
    {
        "label": "CIS Critical Security Controls -CIS CSC (CB1 Master)"
    },
    {
        "label": "Cloud Controls Matrix v3.0.1-(CB1 Masters)"
    },
    {
        "label": "CMMC Cybersecurity Maturity Model Certification"
    },
    {
        "label": "COBIT 5"
    },
    {
        "label": "EMIR"
    },
    {
        "label": "FCA PS17/19"
    },
    {
        "label": "FFIEC - Business Continuity Planning IT Booklet"
    },
    {
        "label": "FFIEC Cybersecurity Assessment Tool (CAT)"
    },
    {
        "label": "FFIEC IT Examination Handbook Information Security"
    },
    {
        "label": "FFIEC Supplement to Authentication in an Internet Banking Environment"
    },
    {
        "label": "FFIEC UBPR"
    },
    {
        "label": "Financial Services"
    },
    {
        "label": "FINRA"
    },
    {
        "label": "GDPR General Data Protection Regulation"
    },
    {
        "label": "Gramm-Leach-Bliley Act"
    },
    {
        "label": "HIPAA Privacy"
    },
    {
        "label": "HIPAA Security 2013"
    },
    {
        "label": "HITECH Breach Notification"
    },
    {
        "label": "HiTRUST CSF v8.1"
    },
    {
        "label": "ISO/IEC 20243"
    },
    {
        "label": "ISO/IEC 22301"
    },
    {
        "label": "ISO/IEC 27001"
    },
    {
        "label": "ISO/IEC 27002"
    },
    {
        "label": "ISO/IEC 27031"
    },
    {
        "label": "ISO/IEC 28000"
    },
    {
        "label": "ISO/IEC 9001"
    },
    {
        "label": "MiFIDII"
    },
    {
        "label": "NIST 800-171"
    },
    {
        "label": "NIST 800-30 Guide for Conducting Risk Assessments"
    },
    {
        "label": "NIST 800-37 Risk Management"
    },
    {
        "label": "NIST CyberSecurity Framework (CSF)"
    },
    {
        "label": "NIST SP 800-53 Rev 4"
    },
    {
        "label": "NY DFS 23 NYCRR PART 500"
    },
    {
        "label": "Nymity GDPR 2017 Accountability Framework"
    },
    {
        "label": "ODP Ohio Data Protection Act"
    },
    {
        "label": "OWASP Top 10 Privacy Risk Projects"
    },
    {
        "label": "Payment Card Industry- PCI/DSS v3.1"
    },
    {
        "label": "Payment Card Industry- PCI/DSS v3.2"
    },
    {
        "label": "Personal Information Protection and Electronic Documents Act (PIPEDA)"
    },
    {
        "label": "PRC"
    },
    {
        "label": "PRIIPS REGULATION (EU) No 1286/2014"
    },
    {
        "label": "SEC Cybersecurity Disclosure"
    },
    {
        "label": "SOC2"
    },
    {
        "label": "SOX 2002"
    },
    {
        "label": "The Payment Services Regulations 2017"
    },
    {
        "label": "The Payment Services Regulations 2017 Schedules"
    },
    {
        "label": "TR 39 Retail Financial Services Compliance Guideline – Part 1 PIN Security and K"
    },
    {
        "label": "Virginia Data Breach Notification"
    },
    {
        "label": "WebTrust for Certification Authorities"
    }
]