[
  {
    "value": 1,
    "label": "1910 SubPart A - General"
  },
  {
    "value": 2,
    "label": "1910 SubPart B - Adoption B"
  },
  {
    "value": 3,
    "label": "1910 SubPart C - Adoption C"
  },
  {
    "value": 4,
    "label": "1910 SubPart D - Walking Work"
  },
  {
    "value": 5,
    "label": "1910 SubPart E - Means of Egress"
  },
  {
    "value": 6,
    "label": "1910 SubPart F - Powered Platform"
  },
  {
    "value": 6,
    "label": "1910 SubPart G - Occupational Human"
  },
  {
    "value": 8,
    "label": "1910 SubPart H - Hazardous Material"
  },
  {
    "value": 9,
    "label": "1910 SubPart I - Personal Protection"
  }
]